{
  "version": 1,
  "author": "Shyamala AS",
  "editor": "wokwi",
  "parts": [
    { "type": "board-esp32-devkit-c-v4", "id": "esp", "top": 0, "left": 0, "attrs": {} },
    {
      "type": "wokwi-led",
      "id": "led1",
      "top": -61.2,
      "left": 147.8,
      "attrs": { "color": "magenta" }
    },
    {
      "type": "wokwi-led",
      "id": "led2",
      "top": -80.4,
      "left": 32.6,
      "attrs": { "color": "cyan" }
    },
    {
      "type": "wokwi-led",
      "id": "led3",
      "top": 159.6,
      "left": 147.8,
      "attrs": { "color": "yellow" }
    },
    {
      "type": "wokwi-led",
      "id": "led4",
      "top": 44.4,
      "left": 167,
      "attrs": { "color": "limegreen" }
    },
    {
      "type": "wokwi-resistor",
      "id": "r1",
      "top": 215.15,
      "left": 124.8,
      "attrs": { "value": "220" }
    },
    {
      "type": "wokwi-resistor",
      "id": "r2",
      "top": -34.45,
      "left": 67.2,
      "attrs": { "value": "220" }
    },
    {
      "type": "wokwi-resistor",
      "id": "r3",
      "top": 3.95,
      "left": 172.8,
      "attrs": { "value": "220" }
    },
    {
      "type": "wokwi-resistor",
      "id": "r4",
      "top": 109.55,
      "left": 153.6,
      "attrs": { "value": "220" }
    },
    { "type": "wokwi-relay-module", "id": "relay1", "top": 29, "left": -144, "attrs": {} }
  ],
  "connections": [
    [ "esp:TX", "$serialMonitor:RX", "", [] ],
    [ "esp:RX", "$serialMonitor:TX", "", [] ],
    [ "led2:A", "r2:1", "green", [ "v0" ] ],
    [ "r2:2", "esp:2", "green", [ "v0" ] ],
    [ "led2:C", "esp:GND.2", "green", [ "v19.2", "h-9.2" ] ],
    [ "led1:A", "r3:1", "green", [ "v28.8" ] ],
    [ "r3:2", "esp:4", "green", [ "v0" ] ],
    [ "led1:C", "esp:GND.2", "green", [ "v28.8", "h-9.2" ] ],
    [ "led4:A", "r4:2", "green", [ "v0", "h19.2" ] ],
    [ "r4:1", "esp:16", "green", [ "v0" ] ],
    [ "led4:C", "esp:GND.2", "green", [ "v0", "h-66.8", "v-57.6" ] ],
    [ "led3:A", "r1:2", "green", [ "v9.6", "h19.2" ] ],
    [ "r1:1", "esp:17", "green", [ "v0" ] ],
    [ "led3:C", "esp:GND.2", "green", [ "v0", "h-28.4", "v-172.8" ] ],
    [ "relay1:VCC", "esp:5V", "red", [ "h-19.2", "v86.4" ] ],
    [ "esp:GND.1", "relay1:GND", "black", [ "h-158.21", "v-96" ] ],
    [ "relay1:IN", "esp:14", "green", [ "h0", "v57.4" ] ]
  ],
  "dependencies": {}
}